{
    "name": "root",
    "metadata": {
        "timer_format_version": "0.1.0",
        "start_time_seconds": "1727140123",
        "python_version": "3.10.11 (tags/v3.10.11:7d4cc5a, Apr  5 2023, 00:38:17) [MSC v.1929 64 bit (AMD64)]",
        "command_line_arguments": "C:\\Users\\vinhp\\OneDrive\\Documents\\GitHub\\ChessML\\venv\\Scripts\\mlagents-learn --run-id=1",
        "mlagents_version": "1.0.0",
        "mlagents_envs_version": "1.0.0",
        "communication_protocol_version": "1.5.0",
        "pytorch_version": "2.2.2+cu121",
        "numpy_version": "1.23.5",
        "end_time_seconds": "1727140215"
    },
    "total": 92.16948119993322,
    "count": 1,
    "self": 0.0031805000035092235,
    "children": {
        "run_training.setup": {
            "total": 0.019940399914048612,
            "count": 1,
            "self": 0.019940399914048612
        },
        "TrainerController.start_learning": {
            "total": 92.14636030001566,
            "count": 1,
            "self": 0.12291458912659436,
            "children": {
                "TrainerController._reset_env": {
                    "total": 10.47341860004235,
                    "count": 1,
                    "self": 10.47341860004235
                },
                "TrainerController.advance": {
                    "total": 81.37423871085048,
                    "count": 9773,
                    "self": 0.11625431105494499,
                    "children": {
                        "env_step": {
                            "total": 80.48609260178637,
                            "count": 9773,
                            "self": 65.67547719425056,
                            "children": {
                                "SubprocessEnvManager._take_step": {
                                    "total": 14.72828630101867,
                                    "count": 9773,
                                    "self": 0.4476853028172627,
                                    "children": {
                                        "TorchPolicy.evaluate": {
                                            "total": 14.280600998201407,
                                            "count": 9744,
                                            "self": 14.280600998201407
                                        }
                                    }
                                },
                                "workers": {
                                    "total": 0.0823291065171361,
                                    "count": 9772,
                                    "self": 0.0,
                                    "children": {
                                        "worker_root": {
                                            "total": 51.59000099892728,
                                            "count": 9772,
                                            "is_parallel": true,
                                            "self": 22.750604500528425,
                                            "children": {
                                                "steps_from_proto": {
                                                    "total": 0.0014146999455988407,
                                                    "count": 1,
                                                    "is_parallel": true,
                                                    "self": 0.00010469986591488123,
                                                    "children": {
                                                        "_process_rank_one_or_two_observation": {
                                                            "total": 0.0013100000796839595,
                                                            "count": 2,
                                                            "is_parallel": true,
                                                            "self": 0.0013100000796839595
                                                        }
                                                    }
                                                },
                                                "UnityEnvironment.step": {
                                                    "total": 28.837981798453256,
                                                    "count": 9772,
                                                    "is_parallel": true,
                                                    "self": 0.4779400984989479,
                                                    "children": {
                                                        "UnityEnvironment._generate_step_input": {
                                                            "total": 0.41792909626383334,
                                                            "count": 9772,
                                                            "is_parallel": true,
                                                            "self": 0.41792909626383334
                                                        },
                                                        "communicator.exchange": {
                                                            "total": 26.90977150609251,
                                                            "count": 9772,
                                                            "is_parallel": true,
                                                            "self": 26.90977150609251
                                                        },
                                                        "steps_from_proto": {
                                                            "total": 1.032341097597964,
                                                            "count": 9772,
                                                            "is_parallel": true,
                                                            "self": 0.4157638952601701,
                                                            "children": {
                                                                "_process_rank_one_or_two_observation": {
                                                                    "total": 0.616577202337794,
                                                                    "count": 19544,
                                                                    "is_parallel": true,
                                                                    "self": 0.616577202337794
                                                                }
                                                            }
                                                        }
                                                    }
                                                }
                                            }
                                        }
                                    }
                                }
                            }
                        },
                        "trainer_advance": {
                            "total": 0.7718917980091646,
                            "count": 9772,
                            "self": 0.15052999171894044,
                            "children": {
                                "process_trajectory": {
                                    "total": 0.6213618062902242,
                                    "count": 9772,
                                    "self": 0.6213618062902242
                                }
                            }
                        }
                    }
                },
                "trainer_threads": {
                    "total": 1.400010660290718e-06,
                    "count": 1,
                    "self": 1.400010660290718e-06
                },
                "TrainerController._save_models": {
                    "total": 0.17578699998557568,
                    "count": 1,
                    "self": 0.008435899973846972,