{"count":1,"self":2980.3362303999997,"total":24797.3140272,"children":{"InitializeActuators":{"count":56742,"self":0.6452988,"total":0.6452988,"children":null},"InitializeSensors":{"count":56742,"self":1.2558607,"total":1.2558607,"children":null},"AgentSendState":{"count":2096418,"self":2803.0836735999997,"total":4002.3667112,"children":{"CollectObservations":{"count":27809726,"self":75.135820799999991,"total":75.1358211,"children":null},"WriteActionMask":{"count":27809726,"self":9.8903976,"total":9.8903974999999988,"children":null},"RequestDecision":{"count":27809726,"self":33.0639424,"total":1114.2569009,"children":{"AgentInfo.ToProto":{"count":27809726,"self":24.1708112,"total":1081.1929585999999,"children":{"GenerateSensorData":{"count":27809726,"self":848.8095232,"total":1057.0221476,"children":{"RayPerceptionSensor.Perceive":{"count":83429178,"self":208.2126208,"total":208.2126269,"children":null}}}}}}}}},"DecideAction":{"count":2096418,"self":17484.9753088,"total":17484.97577,"children":null},"AgentAct":{"count":2096418,"self":323.82069759999996,"total":323.8206957,"children":null},"AgentInfo.ToProto":{"count":81139,"self":0.2844094,"total":3.9125291,"children":{"GenerateSensorData":{"count":81139,"self":2.9374544,"total":3.6281196999999996,"children":{"RayPerceptionSensor.Perceive":{"count":243417,"self":0.6906654,"total":0.6906654,"children":null}}}}}},"gauges":{"Arena.CumulativeReward":{"count":35237,"max":1.70000029,"min":0,"runningAverage":0.458905429,"value":0.700000048,"weightedAverage":0.5390239}},"metadata":{"timer_format_version":"0.1.0","start_time_seconds":"1731919648","unity_version":"2023.2.20f1","command_line_arguments":"C:\\Program Files\\Unity\\Hub\\Editor\\2023.2.20f1\\Editor\\Unity.exe -projectpath C:\\Users\\vinhp\\OneDrive\\Documents\\GitHub\\ChessML -useHub -hubIPC -cloudEnvironment production","communication_protocol_version":"1.5.0","com.unity.ml-agents_version":"3.0.0-exp.1","scene_name":"Training","end_time_seconds":"1731944446"}}