{"count":1,"self":3763.419136,"total":57418.854027199995,"children":{"InitializeActuators":{"count":252428,"self":1.1687827,"total":1.1687827,"children":null},"InitializeSensors":{"count":252428,"self":4.05989,"total":4.0598901,"children":null},"AgentSendState":{"count":4475852,"self":4263.774208,"total":5631.0328598999995,"children":{"CollectObservations":{"count":29548742,"self":79.14679679999999,"total":79.1467966,"children":null},"WriteActionMask":{"count":29548742,"self":11.0464512,"total":11.0464515,"children":null},"RequestDecision":{"count":29548742,"self":40.8310624,"total":1277.0655269,"children":{"AgentInfo.ToProto":{"count":29548742,"self":31.3230784,"total":1236.2344638,"children":{"GenerateSensorData":{"count":29548742,"self":976.669184,"total":1204.9113866999999,"children":{"RayPerceptionSensor.Perceive":{"count":88646226,"self":228.2422528,"total":228.2422412,"children":null}}}}}}}}},"DecideAction":{"count":4475852,"self":47748.7366144,"total":47748.7373402,"children":null},"AgentAct":{"count":4475852,"self":252.16727039999998,"total":252.1672691,"children":null},"AgentInfo.ToProto":{"count":343675,"self":1.5181711,"total":18.2677945,"children":{"GenerateSensorData":{"count":343675,"self":13.757536,"total":16.7496234,"children":{"RayPerceptionSensor.Perceive":{"count":1031025,"self":2.9920869999999997,"total":2.9920869999999997,"children":null}}}}}},"gauges":{"Arena.CumulativeReward":{"count":148523,"max":1.30000019,"min":0,"runningAverage":0.350642085,"value":0.4,"weightedAverage":0.328026444}},"metadata":{"timer_format_version":"0.1.0","start_time_seconds":"1727245666","unity_version":"2023.2.20f1","command_line_arguments":"C:\\Program Files\\Unity\\Hub\\Editor\\2023.2.20f1\\Editor\\Unity.exe -projectPath C:\\Users\\vinhp\\OneDrive\\Documents\\GitHub\\ChessML","communication_protocol_version":"1.5.0","com.unity.ml-agents_version":"3.0.0-exp.1","scene_name":"Training","end_time_seconds":"1727303085"}}